Area,Water_Type,Lat,Long,Crop,06_08,06_20,07_02,07_14,07_26,08_07,08_19,08_31,09_12,09_24,10_18,10_30
3,Bore & rain,17.61055556,77.99012778,Paddy,5,20,30,35,40,45,50,55,58,59,59,65
5,Bore & rain,17.61006111,77.99048889,Paddy,10,15,20,25,30,38,45,52,85,95,100,105
4,Bore & rain,17.60911389,77.99053333,Paddy,11,18,24,29,35,40,45,50,57,65,70,80
1,Bore & rain,17.610625,77.99075,Paddy,5,12,18,22,28,35,40,42,48,52,68,80
2.5,Rain,17.60925,77.99180833,Cotton ,5,9,14,18,24,28,31,35,38,40,44,45
3,Rain,17.60927778,77.99220556,Cotton ,4,15,20,25,30,35,40,45,50,55,60,65
4,Rain,17.60968056,77.99252222,Cotton ,7,14,16,20,24,25,30,34,36,38,40,45
2,Rain,17.60904722,77.99288333,Cotton ,5,10,14,18,21,24,28,32,36,40,44,50
1,Bore & rain,17.61169722,77.98744444,Paddy,7,15,20,25,30,42,52,62,70,75,80,88
2.25,Bore & rain,17.61113889,77.98750833,Paddy,10,18,29,35,40,45,50,62,68,70,75,80
3,Rain,17.607175,77.99184722,Cotton ,7,9,12,15,18,25,30,35,40,45,48,52
3.5,Rain,17.6078,77.99158333,Cotton ,9,11,14,19,24,28,31,38,40,45,55,60
1,Bore & rain,17.60776389,77.98704444,Paddy,4,12,16,20,29,38,40,45,55,60,65,70
2.5,Bore & rain,17.60695278,77.98818889,Paddy,2,10,15,20,25,28,30,32,34,36,37,38
1.25,Bore & rain,17.60544444,77.98705556,Paddy,4,6,8,10,12,14,16,18,20,24,29,35
1,Bore & rain,17.60481111,77.985925,Paddy,2,5,8,10,15,20,25,30,35,40,45,50
1.5,Bore & rain,17.60415278,77.98595,Paddy,4,10,15,20,25,30,40,45,50,55,60,65
2,Bore & rain,17.60341667,77.98566389,Paddy,4,10,15,20,25,28,31,35,40,45,50,55
2,Bore & rain,17.60252222,77.98468889,Paddy,6,8,9,12,15,18,24,29,35,40,45,52
5,Bore & rain,17.60271667,77.98668889,Paddy,8,15,20,25,35,45,50,55,60,75,80,95
1,Bore & rain,17.60260556,77.98921944,Paddy,10,18,25,35,45,50,55,60,70,75,80,86
4,Bore & rain,17.603125,77.98891667,Paddy,12,18,24,29,35,45,55,65,70,75,80,80
3,Bore & rain,17.60359444,77.99005,Paddy,7,15,20,25,30,40,45,55,57,58,59,60
3,Bore & rain,17.60178889,77.98950833,Cotton ,4,8,15,19,24,28,29,34,38,40,45,50
2,Rain,17.600975,77.98847222,Cotton ,2,8,15,19,24,28,38,45,55,60,65,70
3,Rain,17.60391389,77.98806389,Cotton ,8,15,20,24,26,30,34,42,52,62,72,82
3,Rain,17.60484722,77.98781389,Cotton ,4,11,14,18,24,30,34,39,40,45,50,54
1,Rain,17.60470278,77.98678889,Cotton ,5,11,16,20,27,34,38,42,48,52,58,60
4,Rain,17.60530278,77.98863889,Cotton ,4,10,15,20,24,30,35,40,45,52,60,65
3.5,Rain,17.60370556,77.983625,Cotton ,10,14,20,26,30,36,40,46,52,58,68,69
2,Rain,17.60369722,77.98096944,Cotton ,4,8,10,12,16,25,35,40,45,50,55,60
2,Rain,17.603,77.98126944,Cotton ,10,15,20,25,30,35,40,45,50,55,60,65
3,Rain,17.6018,77.98240833,Cotton ,8,14,20,25,30,35,40,45,50,54,58,63
4,Bore & rain,17.60049167,77.98425278,Cotton ,8,14,20,25,30,34,40,44,49,55,59,63
2,Rain,17.60070833,77.9816,Cotton ,10,14,16,20,24,28,30,35,40,42,45,55
2,Bore & rain,17.59979444,77.997225,Cotton ,7,9,15,20,25,30,35,40,45,50,55,60
3,Bore & rain,17.60016389,77.99891944,Cotton ,9,10,12,16,18,20,25,30,35,40,45,65
3,Bore & rain,17.59867778,77.99130278,Cotton ,10,14,19,24,30,35,40,45,55,61,68,70
2,Rain,17.60403611,77.99798333,Cotton ,11,14,16,19,24,26,31,34,40,42,45,50
3,Bore & rain,17.61049167,77.99661389,Paddy,5,11,19,20,29,39,45,50,52,53,54,55
4,Bore & rain,17.61276944,78.00116389,Cotton ,14,19,20,28,30,35,40,48,50,55,65,70
4,Bore & rain,17.61278889,77.99949444,Paddy,4,10,12,18,25,30,38,45,55,60,65,75
2,Bore & rain,17.61252778,77.99776944,Cotton ,11,18,22,27,38,49,57,65,69,75,80,85
3,Bore & rain,17.614325,77.99805278,Cotton ,4,14,19,25,30,35,40,45,50,55,65,70
4,Bore & rain,17.61416111,77.99721667,Paddy,4,11,12,19,26,31,37,44,52,58,64,76
10,Rain,17.61709722,77.99941111,Cotton ,7,15,19,24,28,35,39,45,49,52,58,60
5,Rain,17.61782222,77.99734167,Cotton ,4,14,18,24,28,34,39,45,50,55,60,70
5,Bore & rain,17.61625556,77.99735556,Paddy,10,20,28,38,45,55,60,70,80,90,95,100
3,Bore & rain,17.61651667,77.99604167,Paddy,5,11,18,24,26,30,35,40,45,50,55,60
3,Bore & rain,17.61761389,77.99586944,Paddy,4,10,17,22,25,35,40,42,48,55,58,62
3,Bore & rain,17.61852778,77.996175,Paddy,5,10,15,20,25,30,35,40,45,50,55,64
5,Rain,17.61450278,77.99555,Cotton ,4,7,11,15,19,25,30,35,42,48,55,65
4.5,Rain,17.61566389,77.99483611,Cotton ,10,15,18,24,29,30,38,49,52,58,59,70
1.5,Bore & rain,17.61566389,77.99483611,Paddy,2,6,10,15,18,21,22,25,28,30,35,40
3,Bore & rain,17.62083889,77.99187778,Paddy,5,10,15,24,38,40,45,50,55,60,68,75
3.25,Bore & rain,17.62077222,77.99321944,Paddy,5,10,15,20,25,30,40,45,50,55,60,80
2,Rain,17.62284444,77.99527778,Cotton ,7,15,19,24,28,35,39,45,49,52,58,50
3,Rain,17.62110278,77.99545278,Cotton ,4,14,18,24,28,34,39,45,50,55,60,65
2,Rain,17.61928611,77.99486389,Cotton ,4,7,11,15,19,25,30,35,42,48,55,45
5,Bore & rain,17.61484167,78.00838889,Paddy,10,15,25,35,45,55,68,75,85,97,105,125
2,Bore & rain,17.61626111,78.01248333,Paddy,2,8,15,20,24,28,32,35,38,40,44,48
3,Rain,17.61448333,78.01256944,Cotton ,7,15,19,24,28,35,39,45,49,52,58,70
4,Rain,17.61361667,78.01388333,Cotton ,4,14,18,24,28,34,39,45,50,55,60,70
3,Rain & Canal water ,17.62251944,77.99178889,Paddy,4,7,11,15,19,25,30,35,42,48,55,63
2,Rain & Canal water ,17.62086667,77.99001389,Paddy,10,15,18,24,29,30,38,49,52,58,59,50
3,Bore & rain,17.62150556,77.98443333,Paddy,5,10,15,20,25,30,45,55,58,60,68,70
2.75,Rain,17.62217778,77.98799444,Cotton ,7,15,19,24,28,35,39,45,49,52,58,85
3,Rain,17.62256111,77.98499167,Cotton ,4,14,18,24,28,34,39,45,50,55,60,72
4,Rain,17.62576111,77.98328333,Cotton ,4,7,11,15,19,25,30,35,42,48,55,71
2,Rain,17.62727222,77.98594444,Cotton ,10,15,18,24,29,30,38,49,52,58,59,60
3,Rain,17.62754444,77.98136389,Cotton ,7,15,19,24,28,35,39,45,49,52,58,72
3,Rain,17.62966389,77.98215,Cotton ,4,14,18,24,28,34,39,45,50,55,60,72
2,Rain & Canal water ,17.622325,77.98199167,Paddy,4,7,11,15,19,25,30,35,42,48,55,40
2,Rain & Canal water ,17.62268056,77.97953056,Paddy,10,15,18,24,29,30,38,49,52,58,59,38
2,Bore & rain,17.61190833,77.98781944,Paddy,6,12,15,18,21,25,29,31,34,36,38,40
2,Bore & rain,17.60428611,77.99800278,Paddy,4,7,11,15,18,20,22,25,27,28,35,38
2,Bore & rain,17.60756389,78.01888056,Paddy,4,8,12,16,20,24,28,31,35,37,38,40
1,Bore & rain,17.60730278,78.01938889,Vegetables ,2,7,8,10,15,20,25,30,35,40,45,55
2,Bore & rain,17.61261944,78.01687222,Paddy,5,10,15,20,24,28,31,35,38,40,45,50
1,Bore Rain & Canal Water,17.61572222,78.01426667,Paddy,5,10,25,30,35,40,42,48,50,58,60,68
2.5,Bore Rain & Canal Water,17.61910833,77.98505,Paddy,4,5,9,12,16,20,25,30,35,40,45,50
2,Bore Rain & Canal Water,17.61910556,77.9868,Maize,4,15,20,27,29,35,40,45,49,52,55,60
1.5,Bore & rain,17.597275,77.98436944,Maize,4,19,25,30,35,40,45,55,59,62,68,75
2,Bore & rain,17.59736389,77.98320278,Vegetables ,8,12,18,24,30,35,40,45,50,55,58,60
